,Restaurant,Inspection Date,Inspection Score,Street Address,Zip,Lat,Long,G.Lat,G.Long
6,"""LET'S DO LUNCH""",08/28/2019,100,2704 ELM ST,75235,32.836816,-96.872095,32.7843092,-96.7844781
25,"16096 TRINITY BASIN PREPARATORY, INC",10/08/2019,100,5365 SPRING VALLEY RD #101,75237,32.691159000000006,-96.859592,32.9399022,-96.8145345
28,16159 CORELOGIC MICROMARKET,03/07/2019,100,7995 LBJ STE #118,75063,35.6015,-97.572176,32.9253617,-96.7700608
47,3131 LOUNGE,09/30/2019,100,8687 N CENTRAL EXPW,75219,40.556674,-75.288257,32.8687682,-96.7692323
54,50286 SLAYTER'S 50/50 UPSTAIRS BAR (2ND FL),02/15/2019,100,6867 GREENVILLE AVE,75206,32.822958,-96.770158,32.8710243,-96.7659357
102,7-ELEVEN CONVENIENCE STORE #12301B,11/25/2019,100,7324 GASTON AVE #115,75211,32.694857,-96.771562,32.8114916,-96.7308764
143,AC HOTEL & RESIDENCE INN (1ST FLOOR),03/24/2019,100,2633 MCKINNEY AVE #140,75201,40.280766,-80.608453,32.7974644,-96.801819
149,ACADEMY,10/25/2019,100,930 E EIGHTH ST BLDG #A,75236,32.697429,-96.947274,32.6901244,-96.937016
157,ACCENT FOOD SERVICE @ CHEWY INFOMART,06/19/2019,100,324 W 7TH ST,75207,33.207339000000005,-97.158218,32.74872930000001,-96.827659
158,ACCENT FOOD SERVICES @ CORAM PROPERTY,05/14/2019,100,2803 TAYLOR ST,75252,32.996693,-96.798384,32.7816809,-96.7824064
159,ACCENT FOOD SERVICES @ DELTA COMPANIES,08/15/2019,100,8008 CEDAR SPRINGS RD C2181,75019,0.0,0.0,32.8444583,-96.849846
161,ACCENT FOOD SERVICES- BAKERY,06/26/2019,100,11441 N STEMMONS FRWY #137,75238,42.465928000000005,-78.702463,32.8986647,-96.89903609999999
170,ADMIRAL #4065,02/19/2019,100,5012 SHARP ST,75201,32.790079999999996,-96.811316,32.8085339,-96.8713516
171,ADMIRAL #4111 SUITES ADMIRAL KITCHEN,08/19/2019,100,5018 SECOND AVE,75201,32.790079999999996,-96.811316,32.7596723,-96.7425232
174,ADMIRALS CONCRETE FOUNDATION CLUB,02/19/2019,100,500 S HARWOOD ST,75205,32.790079999999996,-96.811316,32.7792159,-96.79219020000001
180,ADOLPHUS HOTEL - EMPLOYEE CAFE,12/04/2019,100,19129 PRESTON RD #160,75202,38.256514,-122.641281,33.0085612,-96.7961691
193,ADOLPUH HOTEL (SOCIAL LOBBY BAR),12/04/2019,100,1919 BRYAN ST #106,75202,38.256514,-122.641281,32.7847077,-96.797356
198,AFC SUSHI,09/05/2019,100,3223 LEMMON AVE 100,75235,32.8088,-96.83618,32.8073753,-96.80048409999999
200,AFC SUSHI,01/10/2019,100,3223 LEMMON AVE 103,75235,32.808359,-96.836837,32.8067299,-96.8006023
206,AFC SUSHI @TOM THUMB #3582,06/19/2019,100,2984 W WHEATLAND RD #E,75252,33.000384999999994,-96.79659000000001,32.6461829,-96.8695551
208,AFC SUSHI @TOM THUMB #3650,04/15/2019,100,2330 ROYAL LN #600,75254,32.952333,-96.803733,32.8951718,-96.9009068
236,ALDI FOOD STORE #20,02/12/2019,100,7522 CAMPBELL RD #117,75227,32.762099,-96.682633,32.9773524,-96.7693079
270,AMPHITHEATRE BLDG #F,01/31/2019,100,2615 INWOOD RD,75210,32.77548,-96.754511,32.8228033,-96.835087
271,AMPHITHEATRE BLDG #L1,01/31/2019,100,2929 FRANKFORD RD,75210,41.804943,-89.69680100000001,32.9973515,-96.86261669999999
272,AMPHITHEATRE BLDG #L2,01/31/2019,100,2929 INWOOD RD,75210,41.804943,-89.69680100000001,32.8248857,-96.833466
273,AMPHITHEATRE BLDG #L3,01/31/2019,100,2930 FOREST LN,75210,41.804943,-89.69680100000001,32.9085241,-96.8792497
274,AMPHITHEATRE BLDG #R1,01/31/2019,100,2930 W DAVIS ST,75210,41.804943,-89.69680100000001,32.7492663,-96.86972809999999
275,AMPHITHEATRE BLDG #R2,01/31/2019,100,2932 MAIN ST #103,75210,41.804943,-89.69680100000001,32.784208,-96.78085899999999
276,AMPHITHEATRE BLDG #R3,01/31/2019,100,2932 N BUCKNER BLVD,75210,41.804943,-89.69680100000001,32.810454,-96.6840869
277,AMPHITHEATRE BLDG #R3,01/31/2019,100,2933 MAIN ST,75210,41.804943,-89.69680100000001,32.765421,-96.7413706
281,ANATOLE (JADE WATERS SWIM UP BAR),12/27/2019,100,3878 OAK LAWN AVE #180,75207,32.801595,-96.829027,32.8158222,-96.80081320000001
286,ANATOLE HOTEL (CONCEIRGE 25TH FLR),12/27/2019,100,3888 OAK LAWN #102,75207,32.801595,-96.829027,32.8159746,-96.8013608
289,ANATOLE HOTEL (EMPLOYEE CAFE),12/27/2019,100,3888 OAK LAWN AVE #111,75207,32.801595,-96.829027,32.8159746,-96.8013608
291,ANATOLE HOTEL (GOSSIP BAR),12/27/2019,100,3900 RUGGED DR,75207,32.801595,-96.829027,32.695132,-96.8511886
294,ANATOLE HOTEL (MEDIA BAR),12/27/2019,100,3901 MEREDITH ST,75207,32.801595,-96.829027,32.742786,-96.8849439
300,ANATOLE HOTEL (TRINITY HALL),12/27/2019,100,3906 LEMMON AVE #110,75207,32.801595,-96.829027,32.8132742,-96.8066734
308,ANNE FRANK EARLY CHILDHOOD CENTER-WARMING KITCHEN,09/23/2019,100,2309 GUS THOMASSON RD,75254,39.304471,-96.375202,32.8360166,-96.6755276
309,ANNE FRANK EARLY CHILDHOOD CENTER-WARMING KITCHEN,03/18/2019,100,231 W JEFFERSON BLVD,75254,39.304471,-96.375202,32.743379,-96.82592729999999
325,ARAMARK - WT 37TH FLOOR KITCHEN,12/16/2019,100,3502 SIMPSON STUART RD #100,75202,32.779796999999995,-96.799295,32.6724411,-96.7622208
327,ARAMARK - WT 37TH FLOOR KITCHEN,01/24/2019,100,3502 W CAMP WISDOM RD,75202,32.779796999999995,-96.799295,32.6620978,-96.8772803
328,ARAMARK - WT 3RD FLOOR KITCHEN,12/16/2019,100,3505 S POLK ST,75202,32.779796999999995,-96.799295,32.7006646,-96.84064839999999
359,AT&T  MICROMARKET ON THE 13TH FLOOR (CONTACT LL7533@ATT.COM,10/11/2019,100,8270 ABRAMS RD,75201,0.0,0.0,32.8927245,-96.7405673
360,AT&T  MICROMARKET ON THE 13TH FLOOR (CONTACT LL7533@ATT.COM,09/25/2019,100,828 W DAVIS ST,75201,0.0,0.0,32.7493402,-96.8368866
361,AT&T MICROMARKET IN BASEMENT (CONTACT LL7533@ATT.COM),10/11/2019,100,8250 N CENTRAL EXPW,75202,32.778661,-96.799173,32.862876,-96.76868449999999
362,AT&T MICROMARKET IN BASEMENT (CONTACT LL7533@ATT.COM),09/25/2019,100,8254 ABRAMS RD,75202,32.778661,-96.799173,32.892447,-96.7405996
363,AT&T-MICROMARKET ON THE 12TH FL (CONTACT LL7533@ATT.COM),10/11/2019,100,8260 N STEMMONS FRWY,75202,0.0,0.0,32.8249188,-96.87083919999999
418,BASEMENT,12/13/2019,100,1888 SYLVAN AVE F120,75202,41.022387,-81.430239,32.7695515,-96.83539209999999
420,BASEMENT,03/26/2019,100,18900 DALLAS PKWY #120,75202,41.022387,-81.430239,33.0064756,-96.8280101
426,BAYLOR CANCER CENTER KITCHEN DINING SERVERY,09/10/2019,100,9711 PLANO RD,75246,32.788382,-96.779294,32.8796532,-96.7013678
455,BENT TREE EXXON/ICE CREAM,02/05/2019,100,2502 ROYAL LN #101,75287,32.969031,-96.821226,32.89553300000001,-96.89551379999999
490,BILLY EARL DADE MIDDLE SCHOOL,12/16/2019,100,6300 SAMUELL BLVD #100,75215,43.096059999999994,-79.028215,32.7916937,-96.69681109999999
499,BISHOP CIDER COMPANY,01/29/2019,100,6445 EASTRIDGE DR,75207,32.806164,-96.845837,32.8628406,-96.7490359
500,BISHOP CIDER COMPANY,01/29/2019,100,6449 GREENVILLE AVE,75207,32.806164,-96.845837,32.8631869,-96.7677564
522,BLUE'S PALACE II,09/25/2019,100,8315 WESTCHESTER DR,75215,35.385040000000004,-94.39806,32.8640625,-96.8069185
550,BOTOLINO GELATO,08/15/2019,100,3612 FOREST LN #A,75206,38.064038000000004,-79.11109499999999,32.9091712,-96.8587594
553,BOURBON & BANTER,12/17/2019,100,3111 OLYMPUS BLVD #110,75201,32.78078,-96.794907,32.9361848,-96.9836476
593,BUCKNER FOOD MART,01/31/2019,100,2711 N HASKELL AVE #C3,75217,32.742375,-96.68296600000001,32.8065135,-96.79179680000001
595,BUCKNER SHELL (FAST FOOD),06/18/2019,100,4830 MCKINNEY AVE,75227,32.754740000000005,-96.68279,32.8266351,-96.78517020000001
600,BUDWEISER EIGHTEEN 76 BAR,03/07/2019,100,5004 HOHEN AVE,75201,32.790079999999996,-96.811316,32.7473574,-96.7600765
642,BURGERFI,11/25/2019,100,3000 BLACKBURN ST 140C,75252,39.725120000000004,-76.647265,32.808817,-96.79489
655,C A TATUM ELEMENTARY SCHOOL,05/22/2019,100,8008 CEDAR SPRINGS RD C2216,75217,32.763335999999995,-96.656841,32.8444583,-96.849846
656,C COBB SCHOOL STADIUM,04/30/2019,100,2618 ELM ST,75210,32.773298,-96.76043100000001,32.7839795,-96.7857741
677,CAFE BRAZIL,06/11/2019,100,6780 ABRAMS RD #107,75226,41.675634,-83.536136,32.8673669,-96.74154279999999
690,CAFE MOMENTUM,01/30/2019,100,2355 OLIVE ST #140,75201,36.975189,-122.02651399999999,32.7913161,-96.8044292
702,CAMBRIA HOTEL & SUITES (BAR & GROCERY),02/07/2019,100,3100 MCKINNON ST #190,75201,42.275421,-89.118941,32.7979068,-96.81090309999999
703,CAMBRIA HOTEL & SUITES (PANTRY 2ND FL),02/07/2019,100,3100 MONTICELLO AVE #900,75201,42.275421,-89.118941,32.8274571,-96.7858991
720,CANTON HALL,02/28/2019,100,625 HIGH MARKET ST #185,75226,35.031933,-78.802806,32.786324,-96.8089535
744,CASA LINDA RETIREMENT,01/17/2019,100,8805 SOVEREIGN ROW,75228,32.806671,-96.688886,32.8192133,-96.8857448
789,CELESTIAL BEERWORKS,02/15/2019,100,5420 LBJ FRWY #125,75235,32.820057,-96.83318299999999,32.9233133,-96.8172642
827,CHAVEz CANTINA,06/20/2019,100,9208 E RL THORNTON FRWY #120,75223,32.792939000000004,-96.738253,32.7951937,-96.68692779999999
850,CHICK-FIL-A,08/16/2019,100,2428 N HASKELL AVE,75248,32.957266,-96.818559,32.8050986,-96.7891879
854,CHICK-FIL-A,07/24/2019,100,1815 N MARKET ST,75244,47.804274,-117.233372,32.782687,-96.80751409999999
858,CHICK-FIL-A,02/26/2019,100,2429 N FITZHUGH AVE,75248,32.957266,-96.818559,32.8117712,-96.78309209999999
877,CHILANGOLANDIA,12/04/2019,100,1717 N AKARD ST,75228,32.843790000000006,-96.688577,32.7862613,-96.8023638
912,CHIPOTLE MEXICAN GRILL,09/04/2019,100,4812 BRYAN ST #101,75235,32.827284000000006,-96.845488,32.8032203,-96.77362049999999
921,CHIPOTLE MEXICAN GRILL,03/25/2019,100,4814 GASTON AVE,75235,32.827284000000006,-96.845488,32.7990072,-96.76999939999999
972,CINEMARK (EAST PARTY ROOM),11/13/2019,100,14999 PRESTON RD #C100,75234,32.911124,-96.873295,32.9530094,-96.80591629999999
973,CINEMARK (WEST PARTY ROOM),11/13/2019,100,14999 PRESTON RD #C102,75234,32.911124,-96.873295,32.9530094,-96.80591629999999
998,CITY SQUARE CAFE (HOSPITALITY TRAINING),12/02/2019,100,2500 VICTORY AVE TERR #5044,75201,32.778595,-96.778835,32.7903143,-96.810148
1007,CLEAN JUICE,06/25/2019,100,1875 LAWS ST,75202,41.022387,-81.430239,32.7830229,-96.8056474
1011,CLUB VINITY,01/08/2019,100,6713 W NORTHWEST HWY,75226,32.784746999999996,-96.783121,32.866158,-96.78901959999999
1018,COLISEUM CONCESSION NORTH,09/17/2019,100,0 FAIR PARK,75226,0.0,0.0,32.7802521,-96.7788461
1019,COLISEUM CONCESSION NORTH,03/05/2019,100,100 CRESCENT CT #140,75226,0.0,0.0,32.7939118,-96.803308
1023,COMERICA BANK - FLOOR #3,04/30/2019,100,2645 COMMERCE ST,75201,41.777981,-72.676401,32.7831532,-96.78441439999999
1038,CONFERENCE CENTER,12/19/2019,100,4304 LIVE OAK ST,75219,46.994205,-123.812408,32.797885,-96.7776998
1056,CORRIENTES 348,01/30/2019,100,2828 W WHEATLAND RD,75201,41.435790999999995,-75.654927,32.6471483,-96.8668304
1060,COSMOPOLITAN,03/20/2019,100,1702 S CESAR CHAVEZ BLVD,75206,32.811448,-96.761648,32.7744303,-96.7834077
1061,COTTON BOWL STAND #10,09/17/2019,100,100 HIGHLAND HILLS S/C,75226,0.0,0.0,32.675962,-96.7632031
1062,COTTON BOWL STAND #10,03/05/2019,100,100 S GLASGOW DR,75226,0.0,0.0,32.8044381,-96.750186
1063,COTTON BOWL STAND #11,09/17/2019,100,100 WEBB CHAPEL VILLAGE S/C,75226,0.0,0.0,32.9088152,-96.8711142
1064,COTTON BOWL STAND #11,03/05/2019,100,1000 COMMERCE ST,75226,0.0,0.0,32.7786351,-96.8029893
1065,COTTON BOWL STAND #2,09/17/2019,100,1000 N RIVERFRONT BLVD,75226,0.0,0.0,32.78655,-96.817302
1066,COTTON BOWL STAND #2,03/05/2019,100,1000 S AUSTIN ST,75226,0.0,0.0,32.7802521,-96.7788461
1067,COTTON BOWL STAND #3,09/17/2019,100,10000 HILLCREST RD,75226,0.0,0.0,32.8861306,-96.7853372
1068,COTTON BOWL STAND #3,03/05/2019,100,10000 N CENTRAL EXPW #129,75226,0.0,0.0,32.8055096,-96.7923795
1069,COTTON BOWL STAND #5,09/17/2019,100,10001 N CENTRAL EXPW,75226,0.0,0.0,32.8831014,-96.7708557
1070,COTTON BOWL STAND #5,03/05/2019,100,10003 MARSH LN,75226,0.0,0.0,32.8811555,-96.8568682
1071,COTTON BOWL STAND #8,09/17/2019,100,1001 FIRST AVE,75226,0.0,0.0,32.7799931,-96.7640376
1072,COTTON BOWL STAND #8,03/05/2019,100,1001 N RIVERFRONT BLVD,75226,0.0,0.0,32.7860628,-96.81829069999999
1073,COTTON BOWL STAND #9,09/17/2019,100,1001 ROSS AVE #102,75226,0.0,0.0,32.7826349,-96.8049403
1074,COTTON BOWL STAND #9,03/05/2019,100,1001 ROSS AVE #112,75226,0.0,0.0,32.7826349,-96.8049403
1081,COURTYARD (12th FLOOR),11/08/2019,100,8306 LAKE JUNE RD,75202,33.504903999999996,-94.616138,32.73393420000001,-96.6779921
1089,COVANCE INC,04/25/2019,100,2031 S BUCKNER BLVD #B,75247,32.821674,-96.865229,32.7477157,-96.68344359999999
1092,COWBOY LOUNGE,03/15/2019,100,7115 GREENVILLE AVE 215,75215,32.758888,-96.782089,32.8767879,-96.761946
1120,CRUMB & KETTLE,01/03/2019,100,1838 IRVING BLVD,75224,32.732483,-96.840052,32.7940881,-96.82586909999999
1147,CVS PHARMACY #7739,02/15/2019,100,10720 PRESTON RD 1101,75228,32.83548,-96.672614,32.8943228,-96.8035913
1148,CYRUS ONE CLUB,02/19/2019,100,500 W KIEST BLVD,75201,32.790079999999996,-96.811316,32.7046604,-96.8334041
1151,D G BURNETT ELEM CAFETERIA - AREA E,09/05/2019,100,8702 SPRING VALLEY RD #C,75220,32.877196999999995,-96.869169,32.9396242,-96.75249389999999
1154,D G BURNETT ELEMENTARY - AREA C,02/13/2019,100,8703 E RL THORNTON FRWY,75220,32.877196999999995,-96.869169,32.7965216,-96.6941808
1192,DALLAS BIBLE CHURCH COFFEE HOUSE,10/07/2019,100,2500 VICTORY AVE FSHP #2031,75248,39.070859000000006,-83.903366,32.7903143,-96.810148
1193,DALLAS BIBLE CHURCH KITCHEN,10/07/2019,100,2500 VICTORY AVE FSHP #2053,75248,39.070859000000006,-83.903366,32.7903143,-96.810148
1194,DALLAS CABARET,06/21/2019,100,4831 W LAWTHER DR,75229,32.883909,-96.896262,32.8531901,-96.72923589999999
1195,DALLAS CABARET,06/21/2019,100,4900 BRYAN ST,75229,32.883909,-96.89607600000001,32.8036236,-96.773055
1198,DALLAS CAN ACADEMY CHARTER SCHOOL,05/21/2019,100,9191 FOREST LN #3,75208,31.751616,-95.649874,32.9095931,-96.7437958
1223,DALLAS MARRIOTT SUITES,07/23/2019,100,500 N AKARD #100,75207,33.077090999999996,-97.024324,32.7844503,-96.8001857
1228,DALLAS NUTTY BAVARIAN UPSTAIRS,03/07/2019,100,5000 BERRIDGE LN,75201,32.790079999999996,-96.811316,32.7846595,-96.6919664
1229,DALLAS PETRO CLUB,07/03/2019,100,3826 ROSS AVE,75201,32.788305,-96.79760999999999,32.7984548,-96.78510229999999
1251,DAN F LONG JR HIGH SCHOOL,09/05/2019,100,5365 SPRING VALLEY RD #140,75252,43.479789000000004,-83.326551,32.9398943,-96.8155165
1252,DAN F LONG JR HIGH SCHOOL,03/04/2019,100,5365 SPRING VALLEY RD #148,75252,43.479789000000004,-83.326551,32.9398943,-96.8155165
1265,DAVID W. CARTER HIGH SCHOOL,09/20/2019,100,2939 ST RITA DR,75232,32.647677,-96.848496,32.7110649,-96.8676857
1279,DEEP ELLUM ART,12/26/2019,100,8702 S POLK ST,75226,37.191484,-80.391903,32.643765,-96.83962199999999
1282,DEEP ELLUM HOSTEL,09/12/2019,100,6500 GREAT TRINITY FOREST WAY,75226,32.784683,-96.783457,32.7036426,-96.70537949999999
1283,DEEP ELLUM HOSTEL,03/18/2019,100,6500 GREENVILLE AVE #170,75226,32.784683,-96.783457,32.8644963,-96.7670402
1336,DISD MARIA LUNA PHASE 1,12/12/2019,100,2400 N HENDERSON #B,75215,40.941828,-90.346688,32.8151793,-96.7784068
1337,DISD MARIA LUNA PHASE 1,04/22/2019,100,2400 VICTORY PARK LN,75215,32.797505,-117.241716,32.7874876,-96.8091175
1338,DISD VENDING #1-2 @ EL CENTRO COLLEGE WEST CAMPUS,12/03/2019,100,9449 CHURCH RD,75212,32.783333,-96.85643,32.887804,-96.7268249
1352,DOLLAR GENERAL,04/18/2019,100,9750 BROCKBANK DR STE #1,75217,32.707147,-96.657066,32.8701591,-96.87476269999999
1390,DONALD H SHEFFIELD GR K-3,03/20/2019,100,2910 FORT WORTH AVE,75252,33.000034,-96.863788,32.7554452,-96.86931109999999
1451,EATZI'S MARKET GRILL,12/31/2019,100,9665 N CENTRAL EXPW #142,75219,32.81138,-96.80631899999999,32.8783378,-96.7714446
1453,EATZI'S MARKET PRODUCE,06/19/2019,100,9666 PLANO RD,75219,32.81138,-96.80631899999999,32.8785839,-96.7001009
1458,EDDIE DEEN,09/12/2019,100,2708 MAIN ST,75215,32.766263,-96.791696,32.783641,-96.78365400000001
1463,EDUCATIONAL KITCHEN,07/11/2019,100,2500 VICTORY AVE TERR #5056,75201,32.778595,-96.778835,32.7903143,-96.810148
1477,EL BOLERO (OUTSIDE BAR),02/18/2019,100,1628 OAK LAWN AVE #A,75207,32.792974,-96.82267399999999,32.7970641,-96.8191461
1579,EL RANCHO #19 PRODUCE & JUICE STAND,06/27/2019,100,5500 GREENVILLE AVE #1102,75228,32.834759999999996,-96.671871,32.8521485,-96.76838819999999
1585,EL RINCON DEL D.F.,06/17/2019,100,7134 CAMPBELL RD #B,75229,32.880904,-96.880276,32.9788905,-96.7837413
1595,EL RIO GRANDE (PRODUCE),03/07/2019,100,11811 PRESTON RD #101,75229,32.897168,-96.87100799999999,32.9104725,-96.80441239999999
1638,ENO'S PIZZA TAVERN (BAR 1ST FLOOR),08/15/2019,100,8411 PRESTON RD #132,75019,0.0,0.0,32.8650835,-96.8047058
1639,ENO'S PIZZA TAVERN (BAR 2ND FLOOR),08/15/2019,100,8414 DENTON DR,75019,0.0,0.0,32.8416383,-96.8579469
1641,ENO'S SIDE DOUGH,08/15/2019,100,8420 ABRAMS RD #206,75019,0.0,0.0,32.8941276,-96.73907609999999
1653,EVENT LEVEL #0017 MEDIA DINING ROOM,09/19/2019,100,5025 S LANCASTER RD,75201,32.790079999999996,-96.811316,32.6864829,-96.79045699999999
1654,EVENT LEVEL #0017 MEDIA DINING ROOM,03/07/2019,100,5027 W LOVERS LN,75201,32.790079999999996,-96.811316,32.8515386,-96.82401209999999
1659,EXECU STORE,07/03/2019,100,3820 W NORTHWEST HWY,75201,33.655467,-84.46126600000001,32.8613151,-96.85214409999999
1660,EXPRESS SHOP,10/30/2019,100,3289 S POLK ST,75201,37.096759000000006,-76.43646700000001,32.7046496,-96.8412556
1673,FAIRMONT HOTEL (18TH FL LOUNGE),02/08/2019,100,2646 ELM ST #170,75201,32.786229999999996,-96.801857,32.7842771,-96.78466639999999
1674,FAIRMONT HOTEL (COMMISSARY),08/21/2019,100,2646 ELM ST #180,75201,32.786229999999996,-96.801857,32.7842771,-96.78466639999999
1675,FAIRMONT HOTEL (COMMISSARY),02/08/2019,100,2647 W NORTHWEST HWY #A,75201,32.786229999999996,-96.801857,32.8588593,-96.87769929999999
1677,FAIRMONT HOTEL (EMPLOYEE CAFETERIA),02/08/2019,100,265 W COMSTOCK ST,75201,32.786229999999996,-96.801857,32.7702153,-96.8268143
1678,FAIRMONT HOTEL (LOBBY BAR),02/08/2019,100,2650 N FITZHUGH AVE #100,75201,32.786229999999996,-96.801857,32.8144386,-96.7850414
1680,FAIRMONT HOTEL (MAIN KITCHEN),02/08/2019,100,2651 COMMERCE ST #120,75201,32.786229999999996,-96.801857,32.7831622,-96.784247
1684,FAIRMONT HOTEL (STARBUCKS),02/08/2019,100,2656 MAIN ST #130,75201,32.786229999999996,-96.801857,32.783601,-96.784247
1732,FIESTA #57 PRODUCE,02/22/2019,100,7777 FOREST LN,75227,32.758559999999996,-96.682885,32.9113881,-96.77344629999999
1778,FLAGSHIP #2022 SUITES DESSERT PANTRY,02/19/2019,100,5050 CROZIER ST,75201,32.790079999999996,-96.811316,32.7863301,-96.79625279999999
1779,FLAGSHIP #2031 FLAGSHIP LIQUOR ROOM,02/19/2019,100,5057 SINGLETON BLVD,75201,32.790079999999996,-96.811316,32.7788557,-96.90604569999999
1780,FLAGSHIP #2053 SUITES FOH PANTRY,02/19/2019,100,506 S FITZHUGH AVE #100,75201,32.790079999999996,-96.811316,32.7925133,-96.7602074
1781,FLAGSHIP #2070,02/19/2019,100,508 N GILPIN AVE,75201,32.790079999999996,-96.811316,32.7489794,-96.8802587
1898,GATEWAY NEWSTAND,01/30/2019,100,3237 W NORTHWEST HWY #102,75207,33.207339000000005,-97.158218,32.8562641,-96.8658746
1903,GC DELIVERY,01/29/2019,100,333 W JEFFERSON BLVD,75215,32.771676,-96.782161,32.74339,-96.826994
1917,GEXA ENERGY PAVILION BLDG #R4,01/19/2019,100,2934 MAIN ST,75210,41.804943,-89.69680100000001,32.7842359,-96.7806451
1920,GILL ELEMENTARY,11/18/2019,100,11823 PLANO RD,75228,32.844961,-96.661627,32.9105075,-96.70093829999999
1947,GOLD'S GYM UPTOWN,11/19/2019,100,4800 DOLPHIN RD,75201,32.795057,-96.802128,32.781243,-96.7372958
1972,GOLDEN CORRAL,04/15/2019,100,9371 GARLAND RD #100,75234,32.909595,-96.868702,32.8329103,-96.70410489999999
1985,GOOD SHEPERD EPISCOPAL SCHOOL,09/26/2019,100,1219 CENTERVILLE RD,75229,39.982592,-88.870053,32.8436553,-96.68875969999999
2019,GREEN BIOTICS,02/20/2019,100,2005 S BUCKNER BLVD,75240,32.930161,-96.820963,32.7466062,-96.6832556
2040,GROUP USA INC @ EL CENTRO VENDING MACHINE,10/24/2019,100,2201 N LAMAR ST,75211,32.766943,-96.78706700000001,32.7845663,-96.8085179
2041,GROUP USA INC @ EL CENTRO VENDING MACHINE,09/26/2019,100,2201 N STEMMONS FRWY,75211,32.766943,-96.78706700000001,32.7997871,-96.82957309999999
2042,GUCHENHEIMER GRAB AND GO,10/17/2019,100,1805 SYLVAN AVE #A,75243,32.919456,-96.751347,32.7680373,-96.8364014
2064,HAMILTON PARK UNITED METH,02/14/2019,100,1515 GRAND AVE,75243,32.910289,-96.762976,38.428987,-105.212076
2090,HARLOWE MXM (LEFT),02/14/2019,100,6959 ARAPAHO RD #115,75226,39.075657,-94.585014,32.962882,-96.7889715
2093,HARLOWE MXM (ROOF),02/14/2019,100,700 E EIGHTH ST,75226,39.075657,-94.585014,32.7504859,-96.8139413
2094,HARMONY ELEMENTARY CAFETERIA,10/17/2019,100,15250 PRESTONWOOD BLVD,75243,32.911532,-96.70429200000001,32.9601496,-96.813413
2096,HARMONY MIDDLE SCHOOL CAFETERIA,10/17/2019,100,1530 MAIN ST,75243,32.91042,-96.702505,32.7807089,-96.7984434
2098,HARMONY SCIENCE ACADEMY,10/17/2019,100,15757 COIT RD,75243,0.0,0.0,32.9629105,-96.7701745
2099,HARMONY SCIENCE ACADEMY,04/10/2019,100,15765 HILLCREST RD,75243,0.0,0.0,32.9636762,-96.78643869999999
2153,HIGH & TIGHT,02/27/2019,100,602 SINGLETON BLVD,75226,37.34053,-95.27479699999999,32.7783887,-96.83330520000001
2166,HILTON GARDEN INN (RESTAURANT),12/19/2019,100,4319 MAIN ST,75235,32.802201000000004,-96.831956,32.7908442,-96.7685513
2172,HISSHO SUSHI @ THE LANDING CAFE,12/04/2019,100,6025 ROYAL LN STE 104,75235,32.8458,-96.864399,32.896345,-96.8034721
2187,HOMEWOOD SUITES KITCHEN STORE,01/31/2019,100,10560 WALNUT ST #600,75202,42.561445,-114.457831,32.7774686,-96.8042882
2188,HOMEWOOD SUITES SWEET SHOP,12/17/2019,100,642 W DAVIS ST,75207,32.809629,-96.847374,32.7491931,-96.8331583
2211,HOTEL ZAZA DRAGONFLY,12/19/2019,100,4345 W CAMP WISDOM RD,75201,32.794078999999996,-96.801631,32.6623378,-96.8905223
2217,HOTEL ZAZA POOL BAR,12/19/2019,100,4353 GANNON LN #101,75201,32.794078999999996,-96.801631,32.656754,-96.8894117
2223,HOUSE OF BLUES - FOUNDATION BAR,11/23/2019,100,3802 CEDAR SPRINGS RD,75202,32.785059000000004,-96.80857900000001,32.8100945,-96.80868439999999
2245,HYATT REGENCY BANQUET KITCHEN,12/21/2019,100,7859 WALNUT HILL LN #160,75202,0.0,0.0,32.881085,-96.7733252
2247,HYATT REGENCY EMPLOYEES KITCHEN,12/21/2019,100,7859 WALNUT HILL LN #180,75202,0.0,0.0,32.881085,-96.7733252
2249,HYATT REGENCY MONDUEL'S,12/21/2019,100,7865 FIREFALL WAY #100,75202,0.0,0.0,32.8821527,-96.7711593
2251,HYATT REGENCY PARRINO'S OVEN,12/21/2019,100,7865 FIREFALL WAY #F180,75202,0.0,0.0,32.8821527,-96.7711593
2252,HYATT REGENCY PARRINO'S OVEN,04/25/2019,100,7877 FRANKFORD RD #101B,75202,0.0,0.0,32.9980919,-96.7688477
2280,IN-N-OUT BURGER,12/26/2019,100,5400 E MOCKINGBIRD LN #123,75235,32.828606,-96.843818,32.8358672,-96.77504019999999
2281,IN-N-OUT BURGER,06/24/2019,100,5403 ARAPAHO RD,75235,32.828606,-96.843818,32.9605541,-96.81834099999999
2282,IN-N-OUT BURGER #266,09/25/2019,100,1825 ABRAMS RD #B,75244,32.92416,-96.83831500000001,32.8119502,-96.75328789999999
2283,IN-N-OUT BURGER #266,03/14/2019,100,18253 MARSH LN,75244,32.92416,-96.83831500000001,32.99807699999999,-96.8561867
2285,IN-N-OUT BURGER #268,01/23/2019,100,244 W DAVIS ST,75248,32.957151,-96.821205,32.7492819,-96.82626590000001
2367,JACK IN THE BOX #794,08/07/2019,100,3401 ST FRANCIS AVE,75217,32.747327,-96.68296,32.7992126,-96.6930945
2375,JACK'S PLACE,08/19/2019,100,501 ELM ST #100,75219,32.790079999999996,-96.811316,32.7799682,-96.8075101
2376,JACK'S PLACE,02/14/2019,100,501 S EDGEFIELD AVE,75219,32.790079999999996,-96.811316,32.7403344,-96.84464779999999
2377,JACK'S PLACE,01/31/2019,100,5011 MILITARY PKWY #A,75219,32.790079999999996,-96.811316,32.7840042,-96.73041649999999
2388,JAKES HAMBURGERS,01/29/2019,100,1050 N WESTMORELAND RD #328,75218,32.840866999999996,-96.693366,32.7556486,-96.8717697
2391,JAMES BOWIE ELEM SCHOOL - KITCHEN,04/24/2019,100,920 S HARWOOD ST #305,75203,32.752297,-96.815652,32.77747,-96.7900856
2401,JASON'S DELI,07/25/2019,100,2218 GREENVILLE AVE,75202,41.022387,-81.430239,32.8166552,-96.7693826
2424,JESUIT PREP SCHOOL,09/30/2019,100,17811 WATERVIEW PKWY,75234,32.916589,-96.818469,32.9911398,-96.75813989999999
2426,JESUIT PREP SCHOOL STADIUM CONCESS,09/30/2019,100,17840 DALLAS PKWY,75234,32.916589,-96.818469,32.9932659,-96.82852609999999
2446,JOHN NEELY BRYAN ELEM SCHOOL,11/11/2019,100,3305 DILIDO RD,75216,32.753168,-97.141039,32.8063285,-96.6896684
2448,JOHN RUNYON ELEMENTARY,09/25/2019,100,11445 EMERALD ST #109,75217,32.741346,-96.64075600000001,32.8972073,-96.9000341
2451,JOHN W CARPENTER SCH,06/03/2019,100,3700 IRVING BLVD,75224,32.694702,-96.852915,32.8077264,-96.88026579999999
2464,JOULE HOTE LOBBY/ BAR,10/04/2019,100,2445 S BUCKNER BLVD #190,75201,41.034257000000004,-76.423878,32.754176,-96.6833182
2465,JOULE HOTEL - POOL BAR,10/04/2019,100,2445 W NORTHWEST HWY #101,75201,41.034257000000004,-76.423878,32.8610563,-96.88159619999999
2468,JOULE MAIN BAR A,10/04/2019,100,2445 W NORTHWEST HWY #107,75201,41.034257000000004,-76.423878,32.8610563,-96.88159619999999
2496,KATY TRAIL ICE HOUSE - DISH AREA,04/23/2019,100,8550 PLANO RD #101,75201,32.801096,-96.80717299999999,32.8653009,-96.6999888
2503,KESSLER PARK BISTRO,12/23/2019,100,5319 E MOCKINGBIRD LN 210,75211,32.756702000000004,-96.860489,32.8384272,-96.77637849999999
2537,KIPP OAK CLIFF,11/21/2019,100,8707 E RL THORNTON FRWY,75216,32.708127000000005,-96.801621,32.796483,-96.6932616
2578,KOOKIE HAVEN,01/22/2019,100,9595 SCYENE RD,75208,41.673083,-86.185637,32.763581,-96.6572178
2624,LA BARE II,01/26/2019,100,3600 MCKINNEY AVE #100,75220,32.86625,-96.90548000000001,32.8070117,-96.79734769999999
2653,LA HAWAIANA,02/14/2019,100,2555 INWOOD RD #143,75217,32.740645,-96.682968,32.8223726,-96.8360285
2706,LAKE HIGHLANDS JR HIGH,11/22/2019,100,10707 MILLER RD,75238,32.879072,-96.707047,32.8948845,-96.69980079999999
2714,LAKEWOOD ELEM SCHOOL,12/04/2019,100,7939 WALNUT HILL LN #A,75214,32.825753999999996,-96.744364,32.8805703,-96.77228079999999
2715,LAKEWOOD ELEM SCHOOL,05/28/2019,100,7940 FOREST LN,75214,32.825753999999996,-96.744364,32.9088335,-96.7703492
2750,LAUREL LOUNGE,01/15/2019,100,3200 S LANCASTER RD #742A,75206,37.532289,-77.47156899999999,32.709473,-96.8008977
2760,LE MERIDIEN DALLAS BY THE GALLERIA (CAFETERIA),07/16/2019,100,2025 S BECKLEY AVE,75240,32.931117,-96.817978,32.7224775,-96.82310419999999
2767,LEE HARVEY'S/PATIO BAR,11/18/2019,100,2828 W NORTHWEST HWY,75215,32.768122999999996,-96.789363,32.8574116,-96.8735421
2782,LEONARDO'S TEX-MEX & AMERICAN FOOD,11/25/2019,100,2127 FORT WORTH AVE,75253,32.674071999999995,-96.598613,32.7620637,-96.857731
2783,LEONARDO'S TEX-MEX & AMERICAN FOOD,11/25/2019,100,2129 ABRAMS RD,75253,32.674071999999995,-96.598613,32.8159511,-96.753163
2786,LEVEL TWO,10/24/2019,100,1804 FORT WORTH AVE,75207,32.789582,-96.816348,32.7645655,-96.8486305
2799,LIFECARE CAFE,12/18/2019,100,3240 SAMUELL BLVD,75235,32.817559,-96.848901,32.7928011,-96.7388362
2814,LIQUID LOUNGE SUITE A,01/11/2019,100,6464 W NORTHWEST HWY 510,75226,33.57326,-83.89569300000001,32.8759436,-96.9357339
2839,LONE STAR CARE AT LAKEWEST,02/26/2019,100,9807 WALNUT HILL LN,75212,32.782421,-96.865695,32.8796277,-96.71737429999999
2850,LORENZO HOTEL (12TH FLOOR),04/11/2019,100,1025 ELM ST #850,75215,32.772799,-96.795108,32.7810329,-96.8027675
2906,LUNA MART DELI,02/15/2019,100,600 N PEARL EXPW #G103,75220,32.85841,-96.877338,32.7865684,-96.79509259999999
2921,M. TACUBAYA,09/19/2019,100,7474 S LANCASTER RD,75227,32.761768,-96.682676,32.6555699,-96.7824861
2930,MADISON HIGH SCHOOL,12/11/2019,100,7940 N CENTRAL EXPW #102,75215,0.0,0.0,32.8599459,-96.7692612
2931,MADISON HIGH SCHOOL,05/31/2019,100,7949 WALNUT HILL LN #110,75215,0.0,0.0,32.8813252,-96.77236750000002
2956,MANSION MAIN BAR,10/09/2019,100,6939 SCYENE RD #A,75219,32.803421,-96.80667700000001,32.7637656,-96.7010335
2960,MAPLE LAWN SCHOOL,05/09/2019,100,848 HARTER RD,75235,32.826305,-96.830466,32.8447512,-96.7070093
2974,MARIA LUNA CENTRAL KITCHEN,04/22/2019,100,2401 MCKINNEY AVE,75215,32.797505,-117.241716,32.7943608,-96.8026512
2975,MARIA MORENO ELEMENTARY,10/09/2019,100,3611 GRAND AVE,75224,32.724173,-96.857078,40.7784548,-74.03522199999999
2988,MARISCOS 2000 #5,01/18/2019,100,8228 MADDOX,75234,32.90963,-96.873581,32.9241691,-96.8672668
3008,MARKET HALL CONCESS AREA,10/14/2019,100,3818 N HAMPTON RD,75207,33.076119,-97.023595,32.7890505,-96.85622149999999
3009,MARKET HALL SNACK SHOP,10/14/2019,100,3818 W CLARENDON DR,75207,33.076119,-97.023595,32.7344839,-96.88374929999999
3016,MARTIN L KING,05/09/2019,100,2927 LOMBARDY LN,75215,32.760329,-96.772402,32.8667775,-96.8756815
3018,MARY BETHUNE ELM SCHOOL,10/22/2019,100,3926 E OVERTON RD,75224,32.726465000000005,-96.908714,32.7237153,-96.76296359999999
3021,MASKARAS MEXICAN GRILL,07/16/2019,100,4787 VISTAWOOD #110,75233,32.705773,-96.85803299999999,32.686093,-96.8259357
3030,MCCAMY ELEM CARROLLTON,02/12/2019,100,9780 WALNUT ST #340,75252,32.991138,-96.860528,32.9216441,-96.71940500000001
3034,MCDONALD'S,10/10/2019,100,14815 COIT RD,752435219,32.908409999999996,-96.70058900000001,32.9517825,-96.7694961
3048,MCDONALD'S IN WALMART,10/10/2019,100,2425 S COCKRELL HILL RD,75240,32.958912,-96.818136,32.7195663,-96.89198909999999
3058,MCDONALDS,09/12/2019,100,3945 MYRTLE ST,75217,32.750725,-96.682965,32.7596869,-96.7593685
3063,MCDONALDS,08/27/2019,100,3766 SAMUELL BLVD,75220,32.865125,-96.901658,32.7926823,-96.7298754
3087,MCDONALDS #4777,03/25/2019,100,10025 ROYAL LN,75202,38.04006,-97.88158,32.8956217,-96.7167056
3097,MEALS ON WHEELS,11/22/2019,100,2275 GUS THOMASSON RD,75247,32.822179,-96.863073,32.8360434,-96.6762586
3105,MEDIEVAL TIMES BAR,10/15/2019,100,3400 SAMUELL BLVD #A,75207,32.800514,-96.823102,32.7926522,-96.7368946
3110,MEDRANO ELEMENTARY SCHOOL,11/04/2019,100,400 N ST PAUL ST STE #105,75219,32.806706,-96.827899,32.7842789,-96.7976334
3113,MEDUSA #2,03/21/2019,100,3211 W NORTHWEST HWY STE #300,75201,32.783159999999995,-96.79482800000001,32.855895,-96.8662097
3115,MEDUSA #4,03/21/2019,100,3214 WINNETKA AVE,75201,32.783159999999995,-96.79482800000001,32.7533704,-96.84028939999999
3116,MEDUSA #5,03/21/2019,100,3215 N FITZHUGH AVE,75201,32.783159999999995,-96.79482800000001,32.816571,-96.7933849
3145,MEXICALI RESTAURANT,11/18/2019,100,12795 MIDWAY RD,75238,32.864406,-96.685829,32.9229541,-96.8386802
3173,MICKLE CHICKEN,10/30/2019,100,8787 S LANCASTER RD,75237,32.662584,-96.873446,32.6421053,-96.78027949999999
3193,MOISE E MOLINA H S,10/25/2019,100,4424 DALLAS FT WORTH TPKE,75211,32.724212,-96.908746,32.7632412,-96.9008999
3216,MOTHERS TRUCKERS,01/26/2019,100,3606 BOULDER DR,75220,32.865887,-96.90440100000001,32.6992444,-96.8742207
3224,MOXIE'S GRILL & BAR (OUTSIDE BAR),10/31/2019,100,1001 ROSS AVE #132,75201,30.456854999999997,-98.10498100000001,32.782624,-96.80470679999999
3225,MOZZARELLA COMPANY,01/23/2019,100,7701 S WESTMORELAND RD,75226,32.785167,-96.780938,32.651823,-96.888954
3277,NATIONS GIFTS #416,12/12/2019,100,1811 S HAMPTON RD,75251,32.922124,-96.772077,32.7258039,-96.8579263
3280,NATURE'S PLATE,07/18/2019,100,14999 PRESTON RD,75243,32.910437,-96.803995,32.8964955,-96.804975
3282,NATURE'S PLATE,01/18/2019,100,14999 PRESTON RD #104,75243,32.910437,-96.803995,32.8964955,-96.804975
3287,NEIMANS EXPRESSO BAR,10/10/2019,100,2530 BUTLER ST,75201,37.375563,-120.723492,32.820018,-96.8330721
3303,NEW CHOICES LEADERSHIP,02/14/2019,100,2900 S LAMAR ST,75280,32.997263000000004,-96.855501,32.7590908,-96.7817962
3315,NINES BAR,02/28/2019,100,7345 GASTON AVE,75226,40.405174,-86.863883,32.8116468,-96.7296222
3316,NINES BAR  - ROOF TOP BAR,02/28/2019,100,735 N WESTMORELAND # #A201,75226,40.405174,-86.863883,32.7802521,-96.7788461
3341,NORTH DALLAS HIGH SCHOOL,10/30/2019,100,8501 S LANCASTER RD,75204,32.810722999999996,-96.79588100000001,32.6441038,-96.78041499999999
3346,NORTHLAKE ELEMENTARY,11/20/2019,100,10207 N CENTRAL EXPW,75238,32.884890999999996,-96.719691,32.8857848,-96.77095729999999
3357,NOVA ACADEMY,05/09/2019,100,6465 E MOCKINGBIRD LN STE #316,75227,32.761807,-96.68738499999999,32.8369141,-96.7503457
3396,OFF THE RECORD,02/26/2019,100,6126 LUTHER LN #B,75226,38.887691,-99.33277700000001,32.8633895,-96.80538659999999
3405,OK CORRAL - BAR 1,01/26/2019,100,11425 GOODNIGHT LN,75220,32.875234000000006,-96.91384599999999,32.8965323,-96.90245019999999
3406,OK CORRAL - BAR 2,01/26/2019,100,11433 GOODNIGHT LN,75220,32.875234000000006,-96.91384599999999,32.8967699,-96.9025126
3407,OK CORRAL - BAR 3,01/26/2019,100,11434 EMERALD ST #108,75220,32.875234000000006,-96.91384599999999,32.8969751,-96.89873419999999
3408,OK CORRAL - BAR 4,01/26/2019,100,1144 N MADISON AVE,75220,32.875234000000006,-96.91384599999999,32.756575,-96.82530349999999
3409,OK CORRAL - BAR 5,01/26/2019,100,11441 JUPITER RD,75220,32.875234000000006,-96.91384599999999,32.8499223,-96.6835316
3423,OMAHA STEAKS,04/10/2019,100,11722 MARSH LN #228,75230,32.896524,-96.803853,32.9083501,-96.85375649999999
3425,ON THE BORDER #1,09/23/2019,100,8625 KING GEORGE DR #245,75205,32.823032,-96.788563,32.8336973,-96.8720357
3431,ONE DALLAS CENTER BAR,01/31/2019,100,9810 N CENTRAL EXPW #600,75201,41.269449,-89.251885,32.881353,-96.76918289999999
3437,ONE MAIN PLACE 3RD FLOOR BANQUET/ PANTRY,12/03/2019,100,1617 HI LINE DR #395,75201,41.024999,-81.430786,32.7952162,-96.8184364
3439,ONE MAIN PLACE EMPLOYEE DINING - LEVEL B1,12/03/2019,100,1618 W COMMERCE ST,75201,41.024999,-81.430786,32.7724344,-96.8467395
3442,ONE MAIN PLACE FLOOR 32 PANTRY,12/03/2019,100,16201 SEAGOVILLE RD #A,75201,41.024999,-81.430786,32.6775932,-96.5785183
3449,ONE MAIN SUN DRY,12/06/2019,100,1625 W MOCKINGBIRD LN STE #315,75202,38.612972,-87.351702,32.8228971,-96.8577974
3452,ONE SETTE,12/31/2019,100,5624 SEARS ST,75204,32.797087,-96.80153299999999,32.8143203,-96.77118759999999
3453,ONE SETTE (BAR),12/31/2019,100,5626 ALPHA RD,75204,32.797087,-96.80153299999999,32.932446,-96.810947
3474,OUR COMMUNITY PANTRY,11/13/2019,100,2351 W NORTHWEST HWY #1103,75215,37.074816999999996,-94.511715,32.861195,-96.8854514
3504,PALETERIA SAN MARCOS,03/25/2019,100,7777 FOREST LN #A074,75220,32.876723,-96.878414,32.9100323,-96.7740402
3520,PANDA EXPRESS,01/14/2019,100,2419 GLADSTONE ST,75248,0.0,0.0,32.7406366,-96.8575899
3535,PAPAWADY STORE - OPEN FOODS,08/21/2019,100,12817 PRESTON RD #105,75238,32.864406,-96.685829,32.9232686,-96.80441379999999
3560,PARKHILL JR HIGH SCHOOL,08/21/2019,100,2560 ROYAL LN #105,75248,32.973219,-96.79169399999999,32.895487,-96.8931626
3561,PARKHILL JR HIGH SCHOOL,08/21/2019,100,2564 ROYAL LN,75248,32.973219,-96.79169399999999,32.8956362,-96.89295159999999
3562,PARKHILL JR HIGH SCHOOL,02/21/2019,100,2570 W RED BIRD LN,75248,32.973219,-96.79169399999999,32.6706753,-96.86064809999999
3571,PAVILLION CAFE,12/19/2019,100,4417 S LANCASTER RD #2285,75235,32.805196,-96.836682,32.6944669,-96.79428589999999
3580,PEABERRY COFFEE,03/08/2019,100,4910 JOSEPH HARDIN DR,75233,32.705645000000004,-96.858378,32.6850264,-96.8980663
3585,PEGASUS CITY BREWERY,01/24/2019,100,4010 JOSEPH HARDIN DR,75207,32.79905,-96.834079,32.6937956,-96.8983178
3604,PERRY'S STEAKHOUSE BAR,06/06/2019,100,3301 FORT WORTH AVE,75201,32.790753,-96.80357099999999,32.7535702,-96.87468249999999
3624,PHYSICIAN'S DINNING,09/05/2019,100,3230 SYLVAN AVE #B,75235,32.8088,-96.83618,32.7812605,-96.835393
3639,PINNACLE PREP,08/21/2019,100,8008 HERB KELLEHER WAY STE# C2174,75232,32.661906,-96.91066500000001,32.8447757,-96.84973389999999
3641,PINNACLE PREP PRIMARY,05/21/2019,100,5315 GREENVILLE AVE #125,75224,32.72157,-96.836712,,
3667,PLATINUM #3053 KITCHEN IN SEAT EAST,02/19/2019,100,509 ELM ST #150,75201,32.790079999999996,-96.811316,32.7799463,-96.80759979999999
3673,PLATINUM #3078 CHEF'S CORNER EAST,02/19/2019,100,511 N AKARD ST #101,75201,32.790079999999996,-96.811316,32.7837585,-96.8008146
3674,PLATINUM CLUB,02/19/2019,100,5000 GREAT TRINITY FOREST WAY,75201,32.790079999999996,-96.811316,32.7087724,-96.7312877
3675,PLATINUM MARKET / REMY BAR,02/19/2019,100,509 ELM ST #100,75201,32.790079999999996,-96.811316,32.7799463,-96.80759979999999
3677,PLAZA # 1060 VENDING ROOM 123,03/07/2019,100,5201 WESTGROVE DR,75201,27.281226,-80.27501099999999,32.9816724,-96.82136229999999
3679,PLAZA #1014 EISENBERG,03/07/2019,100,5119 ROSS AVE,75201,27.281226,-80.27501099999999,32.8087132,-96.7738516
3680,PLAZA #1026 PIZZA HUT 111,03/07/2019,100,5123 W LOVERS LN,75201,27.281226,-80.27501099999999,32.8516079,-96.8231461
3681,PLAZA #1027 BIG DAWGS 112,03/07/2019,100,515 FAIR PARK,75201,27.281226,-80.27501099999999,32.7863301,-96.79625279999999
3682,PLAZA #1029 HOT POPPED AND TWISTED 113,03/07/2019,100,515 N CARROLL AVE #B,75201,27.281226,-80.27501099999999,32.7945768,-96.77136639999999
3683,PLAZA #1030 GRILL ZONE 114,03/07/2019,100,515 S BECKLEY AVE,75201,27.281226,-80.27501099999999,32.7409118,-96.8231862
3684,PLAZA #1032 VENDING ROOM 114,03/07/2019,100,5150 LEMMON AVE #104,75201,27.281226,-80.27501099999999,32.8251403,-96.81993630000001
3687,PLAZA #1045 GRILL ZONE 118,03/07/2019,100,5151 LEMMON AVE,75201,27.281226,-80.27501099999999,32.8247497,-96.8210936
3688,PLAZA #1048 PIZZA HUT 119,03/07/2019,100,517 W JEFFERSON BLVD,75201,27.281226,-80.27501099999999,32.7434033,-96.83103829999999
3689,PLAZA #1050 HIGH STEAKS #120,03/07/2019,100,5181 KELLER SPRINGS RD #101,75201,27.281226,-80.27501099999999,32.9690932,-96.8204877
3690,PLAZA #1053 STAMPEDE STATION 121,03/07/2019,100,5181 KELLER SPRINGS RD #103,75201,27.281226,-80.27501099999999,32.9690932,-96.8204877
3691,PLAZA #1062 HOT POPPED AND TWISTED 123,03/07/2019,100,5181 KELLER SPRINGS RD #104,75201,27.281226,-80.27501099999999,32.9690932,-96.8204877
3692,PLAZA #1063 GRILL ZONE 124,03/07/2019,100,5200 LEMMON AVE #100,75201,27.281226,-80.27501099999999,32.8256597,-96.8208964
3693,PLAZA #1065 EISENBERG #101,03/07/2019,100,5200 LEMMON AVE #101,75201,27.281226,-80.27501099999999,32.8256597,-96.8208964
3695,PLAZA #1075 FAST BREAK 104,03/07/2019,100,5201 BELTLINE RD,75201,27.281226,-80.27501099999999,32.9547668,-96.81893869999999
3696,PLAZA #1077 TACO BUENO 105,03/07/2019,100,5201 CELESTIAL RD,75201,27.281226,-80.27501099999999,32.9476647,-96.81743159999999
3697,PLAZA #1080 GRILL ZONE 106,03/07/2019,100,5201 ROSS AVE,75201,27.281226,-80.27501099999999,32.8091318,-96.77343169999999
3698,PLAZA LEVEL JACK DANIELDS OLD #7 CLUB,03/07/2019,100,5111 ROSS AVE,75201,27.281226,-80.27501099999999,32.8084345,-96.7741451
3701,PLEASANT GROVE SCHOOL,12/18/2019,100,2505 FORT WORTH AVE,75217,43.248948,-88.30109399999999,32.7594021,-96.8636578
3744,PRESSBOX,03/07/2019,100,508 W SEVENTH ST,75201,32.790079999999996,-96.811316,32.7487559,-96.83068449999999
3826,RAUL QUINTANILLA,12/02/2019,100,6011 ROYAL LN,75211,32.764066,-96.866136,32.8951268,-96.8033047
3833,RBC,09/04/2019,100,5707 ROYAL LN,75226,34.72303,-92.269087,32.8954213,-96.8112355
3855,REILLY ELEMENTARY SCHOOL,05/22/2019,100,12404 PARK CENTRAL DR #110,75218,32.855738,-96.689048,32.9171684,-96.7752828
3867,RESIDENCE INN BY MARRIOTT,12/02/2019,100,9750 WALNUT ST #170,75211,0.0,0.0,32.9228378,-96.7204773
3914,RITZ CARLTON HOTEL - EMPLOYEE DINNING,11/11/2019,100,3662 W CAMP WISDOM RD #1074,75201,32.792274,-96.80305899999999,32.6594341,-96.87678799999999
3915,RITZ CARLTON HOTEL - GIFT SHOP,11/11/2019,100,3662 W CAMP WISDOM RD #2023,75201,32.792274,-96.80305899999999,32.659532,-96.87880969999999
3925,RITZ CARLTON HOTEL-OUTDOOR BAR,11/11/2019,100,3699 MCKINNEY AVE 300-C,75201,32.792274,-96.80305899999999,32.8082909,-96.7973435
3926,RITZ CARLTON HOTEL-SPA,11/11/2019,100,3699 MCKINNEY AVE 307,75201,32.792274,-96.80305899999999,32.8082909,-96.7973435
3932,ROBBIES PLACE,02/27/2019,100,1545 S EWING AVE,75207,32.764344,-96.801749,32.7281176,-96.81274150000002
3951,ROSE MARIE HAGGAR ELEM SC,08/21/2019,100,2801 W CLARENDON DR,75252,32.99537,-96.80581,32.7348711,-96.86671319999999
3952,ROSE MARIE HAGGAR ELEM SC,02/12/2019,100,2802 E LEDBETTER DR,75252,32.99537,-96.80581,32.6931627,-96.7741396
3983,RUNWAY CAFE,07/22/2019,100,3439 OAK LAWN AVE,75207,32.801934,-96.825878,32.8119691,-96.80606759999999
3984,RUNWAY CAFE,01/10/2019,100,3441 FOREST LN,75207,32.801934,-96.825878,32.9101025,-96.8625246
4004,SAGE @ THE HOCKADAY SCHOOL,09/30/2019,100,1401 COMMERCE ST,75229,32.907792,-96.829635,32.7801656,-96.7990602
4007,SAGE DINING SVC,03/21/2019,100,2500 VICTORY AVE ADML #4111,75248,32.96335,-96.786302,32.7903143,-96.810148
4048,SAMUELL GRAND PARK POOL-CONCESSION STAND,06/29/2019,100,8008 CEDAR SPRINGS RD C2452,75201,32.792938,-96.744297,32.8159973,-96.817484
4069,SANDWICH HAG,02/12/2019,100,306 E SANER AVE,75215,32.765446999999995,-96.790564,32.7130234,-96.8201318
4128,SERVICE KING CLUB,02/19/2019,100,5001 S BUCKNER BLVD,75201,32.790079999999996,-96.811316,32.7849841,-96.68419
4134,SHAPE UP,01/16/2019,100,2330 FLORA ST #170,75254,32.951326,-96.803474,32.7895254,-96.79774479999999
4205,SMOKE STACC,04/29/2019,100,5801 E NORTHWEST HWY,75215,32.764421,-96.780464,32.8655673,-96.7645044
4232,SONIC,10/11/2019,100,10190 FOREST LN #125,75207,32.765578000000005,-96.80292800000001,32.9086557,-96.709893
4234,SONIC,03/18/2019,100,102 E JEFFERSON BLVD,75207,32.765578000000005,-96.80292800000001,32.7433744,-96.82226469999999
4280,SOUTHERN MAID DONUTS,02/25/2019,100,13555 PRESTON RD,75218,32.834265,-96.702851,32.9324055,-96.8039953
4287,SOUTHWEST AIRLINE (GRAB & GO),11/25/2019,100,3750 FOREST LN,75235,32.842225,-96.866856,32.9091673,-96.8544244
4290,SOUTHWEST AIRLINES (COFFEE BAR),11/25/2019,100,3751 FOREST LN,75235,32.842225,-96.866856,32.910235,-96.85370449999999
4309,SPORTS BAR,04/25/2019,100,11130 MALIBU DR,75247,32.826924,-96.88703000000001,32.8848504,-96.8999693
4319,SPRING VALLEY ELEM,04/05/2019,100,211 N ERVAY ST STE LL100,75240,32.932846000000005,-96.774598,32.782182,-96.7975999
4321,SPRINGHILL SUITES,01/24/2019,100,4440 W ILLINOIS AVE 400-A,75220,32.859738,-96.889626,32.7196481,-96.8555385
4328,SSS INTERNATIONAL INC,02/06/2019,100,1101 S WALTON WALKER BLVD #101,75211,32.755568,-96.873999,32.734161,-96.92041139999999
4329,ST ANTHONY'S SCHOOL,12/11/2019,100,611 W JEFFERSON BLVD B,75215,32.76192,-96.761514,32.7442105,-96.83318229999999
4331,ST AUGUSTINE CATHOLIC CHU,05/23/2019,100,11333 GARLAND RD,75217,30.839415000000002,-83.319445,32.8494029,-96.68361809999999
4350,ST RITA'S KITCHEN,03/22/2019,100,18101 COIT RD,75234,32.920155,-96.81868399999999,32.9980523,-96.7683667
4380,STARBUCKS COFFEE #9539,01/31/2019,100,4140 LEMMON AVE #176,75220,32.861675,-96.891372,32.8155824,-96.80934789999999
4386,STATE FAIR OF TEXAS,05/30/2019,100,2500 VICTORY AVE TERR #5028,75210,0.0,0.0,32.7903143,-96.810148
4403,STELLA NORA (ROOF TOP BAR),09/26/2019,100,3210 W ILLINOIS AVE,75206,32.813621000000005,-96.7702,32.7201345,-96.872839
4410,STERLING HOTEL BANQUET,10/22/2019,100,1117 W CAMP WISDOM RD,75247,32.826924,-96.88703000000001,32.6629796,-96.84064839999999
4412,STERLING HOTEL LOBBY BAR,11/01/2019,100,11180 HARRY HINES BLVD #108,75247,32.826924,-96.88703000000001,32.8884828,-96.8875108
4413,STERLING HOTEL LOBBY BAR,10/22/2019,100,11181 DENTON DR #108,75247,32.826924,-96.88703000000001,32.88879,-96.88672009999999
4415,STERLING HOTEL THE GREENWAY,04/25/2019,100,112 N COLLETT AVE #156,75247,32.826924,-96.88703000000001,32.7970562,-96.76212629999999
4422,STIRR,07/29/2019,100,655 W ILLINOIS AVE #303,75226,43.279126,-78.705137,32.7222271,-96.8316916
4423,STIRR,01/30/2019,100,655 W ILLINOIS AVE #718,75226,43.279126,-78.705137,32.7222271,-96.8316916
4449,STREETLIGHTS UNION BAR,12/31/2019,100,4275 W NORTHWEST HWY,75201,32.789735,-96.80541600000001,32.8641876,-96.83687959999999
4507,SUNSET HIGH SCHOOL,11/07/2019,100,3650 N BUCKNER BLVD 100,75211,34.025545,-118.31869099999999,32.8010285,-96.68127129999999
4534,SUPER TARGET #1775 FAST FOOD,12/06/2019,100,2602 W ILLINOIS AVE,75248,32.982831,-96.76820699999999,32.7199663,-96.8630483
4535,SUPER TARGET #1775 STARBUCKS,12/06/2019,100,2603 ROUTH ST #A,75248,32.982831,-96.76820699999999,32.7964044,-96.8022372
4568,T BONE PICKENS,12/12/2019,100,1802 GREENVILLE AVE #110,75251,32.919434,-96.77314399999999,32.812305,-96.7699006
4767,TERRACE #5009 GRILL ZONE 310,02/14/2019,100,521 W DAVIS ST,75201,27.281226,-80.27501099999999,32.749665,-96.8313434
4768,TERRACE #5013 PIZZA HUT 312,02/14/2019,100,5211 FOREST LN #108,75201,27.281226,-80.27501099999999,32.9104969,-96.8176069
4769,TERRACE #5015 DR. PEPPER PLANT,02/14/2019,100,5209 S LAMAR ST,75201,27.281226,-80.27501099999999,32.7439182,-96.76032649999999
4770,TERRACE #5024 HOT POPPED AND TWISTED 317,02/14/2019,100,5214 S LAMAR ST,75201,27.281226,-80.27501099999999,32.743863,-96.7593946
4773,TERRACE #5038 FAST BREAK 324,02/14/2019,100,5218 KIWANIS RD,75201,27.281226,-80.27501099999999,32.685452,-96.933618
4775,TERRACE #5044 MOTLEY PUB 327,02/14/2019,100,5220 NOMAS ST,75201,27.281226,-80.27501099999999,32.7816953,-96.90824549999999
4776,TERRACE #5052 STAMPEDE STATION 334,02/14/2019,100,5221 W JEFFERSON BLVD,75201,27.281226,-80.27501099999999,34.0258533,-118.3587045
4778,TERRACE #5056 HOT POPPED AND TWISTED 302,02/14/2019,100,5225 BELTLINE RD #240,75201,27.281226,-80.27501099999999,32.9546746,-96.8174386
4780,TERRACE #5064 MOTLEY PUB 308,02/14/2019,100,5225 BELTLINE RD #254,75201,27.281226,-80.27501099999999,32.9546746,-96.8174386
4823,THE CATERING COMPANY,08/22/2019,100,2222 MCKINNEY AVE STE #200,75203,32.761064000000005,-96.817275,32.7931158,-96.80219559999999
4834,THE CRESCENT CLUB (SUITE 1700),07/18/2019,100,3275 S POLK ST,75201,40.709827000000004,-80.14265,32.7050673,-96.84043899999999
4844,THE DUMP - THE DUMP,02/19/2019,100,5111 GREENVILLE AVE #140,75201,32.790079999999996,-96.811316,32.84955619999999,-96.7709005
4847,THE EMPANADA COOKHOUSE,08/19/2019,100,1310 S BUCKNER BLVD,75229,32.90537,-96.886641,32.7345884,-96.6826081
4889,THE MANHATTEN CLUB,09/25/2019,100,6124 LEMMON AVE,75215,32.774483000000004,-96.767653,32.8336628,-96.82896919999999
4909,THE NUTTY BAVARIAN 1ST FLOOR,03/07/2019,100,5002 HOHEN AVE,75201,32.790079999999996,-96.811316,32.7863301,-96.79625279999999
4923,THE QUIXOTIC WORLD,11/16/2019,100,700 N PEARL EXPW #104,75226,32.784126,-96.782337,32.7784665,-96.7900823
4956,THREE LINKS,06/17/2019,100,6038 LA VISTA DR,75226,48.765972,-122.48836200000001,32.8125943,-96.7622008
4995,TOM THUMB - CHEESE BAR,05/09/2019,100,4454 S MARSALIS AVE,75021,32.78904,-96.806882,32.6902419,-96.814487
4999,TOM THUMB - JUICE BAR,05/09/2019,100,4500 BERNAL DR,75021,32.78904,-96.806882,32.7872028,-96.8936746
5012,TOM THUMB #3582 BAKERY,12/11/2019,100,2990 LOMBARDY LN #101,75252,33.000403999999996,-96.796573,32.8659292,-96.8758976
5014,TOM THUMB #3582 DELI,06/19/2019,100,2992 WALNUT HILL LN STE #B,75252,33.000384999999994,-96.79659000000001,32.8806332,-96.878011
5020,TOM THUMB #3597 GROCERY,12/05/2019,100,15203 KNOLL TRAIL DR #115,75230,32.910979,-96.803775,32.9610472,-96.81944109999999
5023,TOM THUMB #3597 MEAT/SEAFOOD,03/27/2019,100,15208 MONTFORT DR,75230,32.910979,-96.803775,32.9564609,-96.81799679999999
5085,TOYOTA OF DALLAS SELF-SERVICE MARKET,08/19/2019,100,5601 W LOVERS LN #130,75234,32.908437,-96.89045899999999,32.8515489,-96.8173898
5089,TREES,06/27/2019,100,6070 N CENTRAL EXPW,75226,34.820405,-89.99815,32.8400028,-96.77557879999999
5115,TWILITE LOUNGE,02/26/2019,100,5950 S RL THORNTON FRWY,75226,32.78438,-96.78495699999999,32.6755511,-96.8215343
5135,UNDICI'S,07/22/2019,100,3443 BRIARGROVE LN,75207,32.801934,-96.825878,32.99105,-96.861622
5146,UPLIFT EDUCATION - WISDOM PREP,08/21/2019,100,8008 S POLK ST,75232,32.661906,-96.91066500000001,32.6495723,-96.83958059999999
5157,URBANO CATERING,11/21/2019,100,2222 MCKINNEY AVE #100,75204,32.804182,-96.77401,32.7927992,-96.8019654
5161,UTOPIA FOOD & FITNESS,10/22/2019,100,1515 S BUCKNER BLVD #115,75230-6114,32.911183,-96.80391,32.7383658,-96.68431989999999
5162,UTOPIA FOOD & FITNESS,04/29/2019,100,1515 S BUCKNER BLVD #243,75230-6114,32.911183,-96.80391,32.7383658,-96.68431989999999
5180,VENDING 321,02/14/2019,100,5002 W LOVERS LN,75201,32.790079999999996,-96.811316,32.850452,-96.8254736
5197,W HOTEL-BANQUET KITCHEN,09/09/2019,100,4845 S LANCASTER RD,75219,32.788067,-96.809336,32.6889412,-96.7912939
5204,W T C SUNDRIES SHOP,01/10/2019,100,3439 MAYBETH ST,75207,32.801934,-96.825878,32.7849005,-96.9038298
5206,W W HARLEE ELEMENTARY,05/08/2019,100,1716 SINGLETON BLVD,75203,35.040712,-85.290449,32.7783665,-96.8470919
5224,WAL-MART GROCERY,01/23/2019,100,2422 VICTORY PARK LN,75211,32.763549,-96.895452,32.7882983,-96.80918559999999
5230,WAL-MART SUPERCENTER #5147 SEAFOOD PREP,01/23/2019,100,2424 SWISS AVE,75211,32.763549,-96.895452,32.7847677,-96.7902687
5231,WALGREENS #04624,02/01/2019,100,2308 OATES DR,75210,32.775688,-96.762726,32.8209257,-96.6767598
5235,WALGREENS #06197,02/13/2019,100,4520 FRANKFORD RD #A-80,75233,32.691294,-96.85763299999999,32.9968941,-96.83103829999999
5252,WALMART #3406 / BAKERY & DELI,04/22/2019,100,2426 W LEDBETTER DR,75240,32.958912,-96.818136,32.6899325,-96.8598519
5254,WALT GARRISON RODEO BAR,07/18/2019,100,1919 GREENVILLE AVE,75202,38.256514,-122.641281,32.8141255,-96.77046449999999
5268,WELLMED SENIOR ACTIVITY CENTER,09/09/2019,100,8385 DURHAM ST,75237,32.662209999999995,-96.871284,32.8638513,-96.78042579999999
5299,WEST DALLAS COMMUNITY SCHOOL,05/01/2019,100,4152 COLE AVE #106,75212,32.792632,-96.859695,32.8161232,-96.7921513
5302,WEST END HOTEL EMPLOYEE CAFETERIA,12/11/2019,100,10333 N CENTRAL EXPW,75202,41.389021,-75.660275,32.8873844,-96.77101809999999
5303,WEST END HOTEL EMPLOYEE CAFETERIA,09/18/2019,100,10333 TECHNOLOGY BLVD W,75202,41.389021,-75.660275,32.8631866,-96.8979193
5311,WESTIN (CAFE IN THE PARK),12/12/2019,100,18110 MIDWAY RD #104,75251,32.922124,-96.772077,32.9962566,-96.8426795
5313,WESTIN (EMPLOYEE KITCHEN),12/12/2019,100,18110 MIDWAY RD #208,75251,32.922124,-96.772077,32.9962566,-96.8426795
5323,WESTIN GALLERIA DALLAS EMPLOYEE KITCHEN,08/14/2019,100,200 CRESCENT CT #50-B,75240,32.929958,-96.820931,32.7936538,-96.80390790000001
5328,WESTLAKE BREWING COMPANY,12/03/2019,100,6825 HARRY HINES BLVD,75226,32.783349,-96.78241700000001,32.824325,-96.8535964
5333,WHATABURGER,05/01/2019,100,3000 BLACKBURN ST #180,75287,32.998098999999996,-96.855693,32.808817,-96.79489
5361,WHITE ROCK COFFEE,07/02/2019,100,10240 E NORTHWEST HWY,75238,32.864278000000006,-96.71205400000001,32.863816,-96.70928699999999
5364,WHOLE FOOD MARKET GROCERY,02/28/2019,100,3619 GREENVILLE AVE,75214,32.81566,-96.752887,32.8315828,-96.7703284
5366,WHOLE FOODS MARKET (BBQ),12/26/2019,100,5307 E MOCKINGBIRD LN #107,75201,32.795341,-96.80203900000001,32.83749,-96.77710019999999
5368,WHOLE FOODS MARKET (DELI),02/28/2019,100,3620 W CAMP WISDOM RD,75214,32.81566,-96.752887,32.661874,-96.8785583
5369,WHOLE FOODS MARKET (FOOD COUNTER/ SALAD BARS),12/26/2019,100,5310 HARVEST HILL RD,75201,32.795341,-96.80203900000001,32.9211269,-96.81718049999999
5378,WHOLE FOODS MARKET- SPECIALTY,01/09/2019,100,1420 OLD GATE LN,75230,42.029003,-83.79561,32.82515410000001,-96.7037544
5382,WHOLE FOODS MARKET-GROCERY,01/09/2019,100,14215 COIT RD,75230,42.029003,-83.79561,32.9235357,-96.76931909999999
5386,WHOLE FOODS MARKET-SUSHI,07/08/2019,100,14225 COIT,75230,42.029003,-83.79561,32.9235357,-96.76931909999999
5387,WHOLE FOODS MARKET-SUSHI,01/09/2019,100,14225 COIT RD,75230,42.029003,-83.79561,32.9235357,-96.76931909999999
5389,WHOLEFOODS MARKET/CHEESE,02/28/2019,100,3627 BONNIE VIEW RD #B,75214,32.81566,-96.752887,32.7139056,-96.776315
5394,WHOLEFOODS MARKET/MEAT SMOKEHOUSE,02/28/2019,100,3628 FRANKFORD RD #295,75214,32.81566,-96.752887,32.9955472,-96.85439780000002
5411,WILLIAMS FRIED CHICKEN,05/22/2019,100,7777 FOREST LN BLDG #A,75229,32.881015999999995,-96.878626,32.912187,-96.77445329999999
5423,WINE PRESS/RED BULL,02/19/2019,100,511 N GILPIN AVE,75201,32.790079999999996,-96.811316,32.7491275,-96.8809048
5442,WINGSTOP,07/10/2019,100,2425 MCKINNEY AVE,75248,0.0,0.0,32.7952348,-96.8027355
5465,WM B TRAVIS SCHOOL,05/23/2019,100,8008 CEDAR SPRINGS RD C2063,75204,32.801648,-96.80098199999999,32.8159973,-96.817484
5469,WM H ATWELL JR HIGH,05/29/2019,100,1894 ROYAL LN #102,75233,32.676699,-96.84388100000001,32.8948071,-96.91495549999999
5480,WOLFGANG PUCK (5th FL BARS),07/08/2019,100,4544 MCKINNEY AVE,75201,32.790411,-96.796982,32.8224173,-96.787441
5482,WOLFGANG PUCK (WYLY MAIN STAGE),07/08/2019,100,451 W DAVIS ST,75201,32.790321999999996,-96.797076,32.7496249,-96.8300542
5483,WOLFGANG PUCK 10TH FL (LOUNGE & PATIO),07/08/2019,100,4510 TRINITY MILLS RD,75201,32.790321999999996,-96.797076,32.9896435,-96.8303056
5484,WOLFGANG PUCK 6th FL (BAR COMMISSARY & STORAGE),07/08/2019,100,4510 W JEFFERSON ST,75201,32.790321999999996,-96.797076,32.735925,-96.8946715
5492,WOLFGANG PUCK LEVEL 17 CLOUD 9 KITCHEN,04/25/2019,100,7887 MCCALLUM BLVD,75202,32.774443,-96.808332,32.9882916,-96.7686804
5493,WOLFGANG PUCK LEVEL 18 FIVE SIXTY KITCHEN,12/22/2019,100,7900 BROOKRIVER DR,75202,32.774443,-96.808332,32.8190889,-96.86395859999999
5496,WOLFGANG PUCK LEVEL 9 PANTRY,07/08/2019,100,4511 MCKINNEY AVE,75201,32.790321999999996,-96.797076,32.8216282,-96.7885136
5520,YOGURTLAND,02/05/2019,100,2018 ALLEN ST,75240,32.930161,-96.820963,32.7955154,-96.7953448
5521,YOGURTLAND - DALLAS (LAKEWOOD),12/11/2019,100,3036 ELM ST #100,75214,28.836494000000002,-81.654504,32.7852866,-96.7793722
5544,ZAN WESLEY HOLMES JR. MIDDLE,05/24/2019,100,7700 W NORTHWEST HWY,75233,32.712044,-96.86624300000001,32.8642534,-96.77451959999999
5557,ZODIAC RESTAURANT BAR,10/10/2019,100,2534 ROYAL LN #A-14,75201,37.375563,-120.723492,32.8951633,-96.8945916
